{
  "id": "e7ac1a2a-d01e-4a91-9843-8f3fe8349bca",
  "name": "Baseball",
  "isOverridable": true,
  "entries": [
    {
      "value": "pitcher",
      "synonyms": [
        "pitcher",
        "Pitchers"
      ]
    },
    {
      "value": "Striker",
      "synonyms": [
        "Striker",
        "Strikers"
      ]
    },
    {
      "value": "Catchers",
      "synonyms": [
        "Catchers",
        "catcher"
      ]
    },
    {
      "value": "baseman",
      "synonyms": [
        "baseman",
        "basemen"
      ]
    },
    {
      "value": "infielder",
      "synonyms": [
        "infielder"
      ]
    },
    {
      "value": "manager",
      "synonyms": [
        "manager",
        "manager"
      ]
    }
  ],
  "isEnum": false,
  "automatedExpansion": false
}