{
  "id": "0491ae43-231b-4d47-833e-8800e88972c4",
  "name": "basketball",
  "isOverridable": true,
  "entries": [
    {
      "value": "dribble",
      "synonyms": [
        "dribble",
        "dribbles"
      ]
    },
    {
      "value": "shoot",
      "synonyms": [
        "shoot"
      ]
    },
    {
      "value": "Basketball",
      "synonyms": [
        "Basketball",
        "basketball"
      ]
    },
    {
      "value": "forward",
      "synonyms": [
        "forward"
      ]
    },
    {
      "value": "centre",
      "synonyms": [
        "centre",
        "centre"
      ]
    }
  ],
  "isEnum": false,
  "automatedExpansion": false
}