{
  "id": "73aa7879-0fe4-47ee-98ff-aaf6938fbf44",
  "name": "cricket",
  "isOverridable": true,
  "entries": [
    {
      "value": "cricket",
      "synonyms": [
        "cricket",
        "Cricket"
      ]
    },
    {
      "value": "Ball",
      "synonyms": [
        "Ball",
        "balls"
      ]
    },
    {
      "value": "bat",
      "synonyms": [
        "bat",
        "bats",
        "Bats"
      ]
    },
    {
      "value": "Field",
      "synonyms": [
        "Field",
        "field"
      ]
    },
    {
      "value": "Ground",
      "synonyms": [
        "Ground",
        "ground"
      ]
    },
    {
      "value": "Bowler",
      "synonyms": [
        "Bowler",
        "bowler",
        "BOWLERS"
      ]
    },
    {
      "value": "Batsman",
      "synonyms": [
        "batsman",
        "Batsmen"
      ]
    },
    {
      "value": "Fielder",
      "synonyms": [
        "Fielder",
        "fielders"
      ]
    },
    {
      "value": "me",
      "synonyms": [
        "me"
      ]
    }
  ],
  "isEnum": false,
  "automatedExpansion": false
}