{
  "id": "fe1ac13b-af17-4e92-aee4-b1102d36c32f",
  "name": "date",
  "isOverridable": true,
  "entries": [
    {
      "value": "date",
      "synonyms": [
        "date"
      ]
    },
    {
      "value": "time",
      "synonyms": [
        "time"
      ]
    },
    {
      "value": "when",
      "synonyms": [
        "when"
      ]
    },
    {
      "value": "tommorow",
      "synonyms": [
        "tommorow"
      ]
    },
    {
      "value": "yesterday",
      "synonyms": [
        "yesterday"
      ]
    }
  ],
  "isEnum": false,
  "automatedExpansion": false
}