{
  "id": "9cf56a54-3c68-44ad-8d07-08f7b9e2ae3a",
  "name": "images",
  "isOverridable": true,
  "entries": [
    {
      "value": "sports",
      "synonyms": [
        "sports",
        "SPORTs"
      ]
    },
    {
      "value": "Basketball",
      "synonyms": [
        "Basketball",
        "basketball"
      ]
    },
    {
      "value": "Football",
      "synonyms": [
        "Football",
        "soccer"
      ]
    },
    {
      "value": "cricket",
      "synonyms": [
        "cricket",
        "Cricket"
      ]
    },
    {
      "value": "Baseball",
      "synonyms": [
        "Baseball",
        "baseball"
      ]
    },
    {
      "value": "Skating",
      "synonyms": [
        "Skating",
        "Skating"
      ]
    }
  ],
  "isEnum": false,
  "automatedExpansion": false
}