{
  "id": "cea4eb3e-a87b-4d43-9ff3-bf8a25c4a860",
  "name": "swimming",
  "isOverridable": true,
  "entries": [
    {
      "value": "swim",
      "synonyms": [
        "swim",
        "Swim",
        "Swims"
      ]
    },
    {
      "value": "Swimmer",
      "synonyms": [
        "Swimmer",
        "Swimmers"
      ]
    },
    {
      "value": "Backstroke",
      "synonyms": [
        "Backstroke",
        "backstroke"
      ]
    },
    {
      "value": "butterfly stroke",
      "synonyms": [
        "butterfly stroke",
        "Butterfly Storke"
      ]
    },
    {
      "value": "Water",
      "synonyms": [
        "Water",
        "water"
      ]
    },
    {
      "value": "pool",
      "synonyms": [
        "pool",
        "pools"
      ]
    }
  ],
  "isEnum": false,
  "automatedExpansion": false
}